Name	title	coding
t3_jno88s	Colorado Democrat John Hickenlooper is projected to unseat GOP Sen. Cory Gardner for US Senate	n
t3_jnnhpl	The Trump Administration* Has Refused to Follow a Court Order on Mail Votes How is nobody in jail right now?	n
t3_jnmzy3	Video: Cops look on as Trump supporters threaten voter with violence — The cops are being accused of letting voter intimidation occur in front of them.	n
t3_jnllze	USPS Fails to Meet Court Deadline to Sweep for Mail-In Ballots, Prompting Questions About How Many Votes Will Not Be Counted	v
t3_jnipcy	Facebook Reduced Traffic To Leading Liberal Pages Just Before The Election	n
t3_jnrd7c	# Discussion Thread: 2020 General Election Part 10 | 1am (ET) Poll Close AK | Counting Continues into Tomorrow	v
t3_jnhzvy	Biden is planning to declare victory if news organizations say he won the presidential election — even if Trump won't concede	n
t3_jnrvlj	Mississippians adopt new state flag after Confederate emblem flew for 126 years	n
t3_jnpr1b	Discussion Thread: 2020 General Election Part 8 | 11:00pm (ET) Poll Close (CA, ID****, OR****,WA)	n
t3_jndnte	Voter intimidation lawsuit filed after police use pepper-spray at North Carolina march	n
t3_jns5ow	Fox News defends calling Arizona for Biden after pushback from Trump team	n
t3_jnt035	Cable-News Anchors All Unload on Trump for Declaring Premature Victory	n
t3_jnk12j	Vermont's GOP governor says he voted for Biden	n
t3_jndk1i	Trump Promised a Vaccine by Election Day—None Have Even Applied for Approval	n
t3_jns7p5	Huge absentee vote count underway in Michigan as Biden, Trump grab other states	v
t3_jnqzkv	Biden dispatches Trump in Minnesota	n
t3_jncldr	Kenosha shooting victim's father slams Trump for defending Rittenhouse: 'How dare he'	n
t3_jnqs5f	Democrats Retain Control Of The House Of Representatives	n
t3_jnmtrs	2020 Latest: Democrat Joe Biden wins Virginia	n
t3_jnr6ii	Joe Biden wins Minnesota, preserving Dems’ Midwest stronghold	n
t3_jnatrl	Trump's GOP Worked Harder to Stop People From Voting Than They Did to Stop Covid-19 From Spreading	n
t3_jnal48	Sanders Urges ‘Squad’ to ‘Make Sure Biden Becomes the Most Progressive President Since FDR’	n
t3_jnabqs	Trump says 'worried' Biden is back out campaigning as Democrat visits family graves	n
t3_jnqp6k	Oregon votes to decriminalize heroin, meth, other street drugs	n
t3_jn9fsi	3 Kansas teens were shot after a man thought he'd found the people responsible for stealing his Trump campaign lawn signs	n
t3_jnnhy8	Discussion Thread: 2020 General Election Part 5 | 8:30pm (ET) Poll Close (AR)	n
t3_jnk9ml	Widely shared photo of Biden without mask was taken in 2019	n
t3_jnsrau	Trump falsely and prematurely claims election victory	n
t3_jnsvjq	Joe Biden wins Arizona, turns state blue for first time in 24 years	n
t3_jnt2j1	Twitter flags Trump tweet on election results for ‘misleading’ content	n
t3_jn8usd	Deutsche Bank plans to cut ties with Trump after the election, Reuters reported, and could seize his assets if he can't pay back his debts	n
t3_jnt9v9	2020 Latest: Biden wins 3 of 4 Maine electoral votes	n
t3_jnmjyj	Discussion Thread: 2020 General Election Part 3 | 7:30pm (ET) Poll Close (NC†, OH, WV)	n
t3_jn8obq	Final Forecast: Democrats Have A 3-In-4 Chance Of Flipping The Senate	n
t3_jnqr5p	Florida approves $15 minimum wage	n
t3_jnri72	As election remains uncalled, Trump claims election is being stolen	n
t3_jnog8g	Only people who voted are welcome to visit Pornhub this Election Day	n
t3_jnotrj	Hickenlooper Ousts Gardner in Colorado, Handing Democrats Crucial Senate Seat	n
t3_jnfkn7	LGBTQ bar in Houston makes history as polling location	n
t3_jnmhr8	The Trump campaign and Nevada Republicans are suing to try and slow down ballot processing in the state's biggest county	v
t3_jnsosr	Trump claims he has won the US election, will take it to Supreme Court	n
t3_jnhipq	There Are No More Civil Rights Lawyers on the Supreme Court | “We are missing that window, that perspective, that ability to speak with clarity about the challenges faced by people who live at the margin and who lived at the bottom.”	n
t3_jnrntb	Postal Service says it can't meet judge's ballot order	n
t3_jnp8df	How Latinos in Miami-Dade County helped Trump win Florida	n
t3_jnslvw	Voters in Ohio Re-elect Republican Public Official Accused of Bribery in ‘Quid Pro Quo’ Scheme	n
t3_jnrtoy	What this Oregon county’s “preschool for all” victory means for child care in America	n
t3_jntr6m	Kanye West Concedes After Failing to Get 0.5% of Vote in Early Returns	v
t3_jnmrob	USPS blows court-ordered cutoff to check for missing election ballots	v
t3_jn7hv4	Florida is voting on whether to raise the minimum wage to $15. It could help bring more than a million people out of poverty.	n
t3_jnrq16	Republicans appear to keep Senate majority	n
t3_jntiz4	Result goes to wire as Trump falsely claims fraud	n
t3_jnt8le	Allegheny Co. Suspending Scanning Of Mail-In Ballots Until Wednesday Morning	v
t3_jnsk5h	Delaware Has Elected The First-Ever Openly Trans State Senator In The US | "I spent my entire life feeling like tonight was so incomprehensible that it was seemingly impossible,"	n
t3_jnexa6	Biden signs wall of childhood home: 'From this house to the White House'	n
t3_jnmrkx	Joe Biden will spend election night in his home state of Delaware	n
t3_jnsnul	Burst pipe delays Atlanta absentee vote counting	v
t3_jnkt5x	Pence wanted to throw reporter off Air Force Two for innocuous report about his wife's outfit | The reporter was also allegedly censored by the White House	n
t3_jnkq83	Federal Judge Orders USPS To Have Inspectors Sweep Facilities For Election Mail In Central Pennsylvania And Philadelphia	n
t3_jnim83	Biden wins big in national mock election among K-12 students	n
t3_jnrh3h	Where It Stands: Election Hinges On Key States, Final Results May Take A While	n
t3_jna0x6	Pro-Trump messages spray-painted on graves at Grand Rapids Jewish cemetery	n
t3_jnpndp	Republicans maintain control of Florida Senate	n
t3_jnoad9	Republican Candidate Who Openly Backed QAnon Wins a Seat in the House	n
t3_jnttdm	Mississippi voters say yes to medical marijuana on Initiative 65	n
t3_jnpfe6	Donald Trump wins Missouri	n
t3_jnnzgp	Republican Senate Majority Leader Mitch McConnell holds his Kentucky seat	n
t3_jni2lp	A Federal jude orders USPS to sweep facilities to make sure no mail-in ballots left behind	v
t3_jnmjwt	Fulton election results delayed after pipe bursts in room with ballots	n
t3_jndley	In Georgia, a double shot at Senate victory	n
t3_jngwdt	‘TRUMP’ and ‘MAGA’ spray-painted on headstones at Michigan Jewish cemetery ahead of president’s rally in state	n
t3_jna5hu	It’s Election Day. You Can Still Register — And Vote! — in Many Swing States	n
t3_jnqdvu	A Bumpy Night in Berks County, Pennsylvania	n
t3_jnh83f	Democrats Set to Flip Senate, Expand House Majority at 2020 Election: Forecasts	n
t3_jnclnh	I've seen firsthand that Trump has a 'woman problem' in Wisconsin — and it could be his undoing in the state	n
t3_jn3xa5	We Tried This. It Was Bad. Let's Not Do This Anymore.	n