Name	title	coding
t3_jowz3u	Special Counsel’s Office Opens Hatch Act Investigation Into Trump’s Use of White House for Campaign Events	n
t3_jowk9s	Legal problems galore await Donald Trump if he loses reelection and his presidential immunity	n
t3_joxj23	Steve Bannon’s show pulled off Twitter and YouTube over calls for violence	n
t3_jov93n	Judge nixes Trump bid to stop Philadelphia vote count	v
t3_jovu85	Trump questions why mail-in ballots are going against him. He spent months baselessly attacking them	n
t3_joxmcl	A Trump Loss Means End of Twitter Special Treatment - The president's tweets will not be covered by Twitter's special policies for elected officials if his presidency ends in January.	n
t3_jp04q7	Secret Service en route to protect Joe Biden as his campaign prepares for the possibility he may soon claim victory in his bid for the White House.	n
t3_jolu77	Arizona secretary of state responds to potential Trump challenge: "No legal ground for us to stop counting"	v
t3_joz190	Postal Worker Arrested And Charged With Failing To Deliver Over 800 Pieces Of Mail Which Included Three Absentee Ballots	n
t3_jothvr	815 Mail-In Ballots Found In Sweep of Texas USPS Processing Facilities	n
t3_jorgl0	Donald Trump Jr. just promoted a brazen plan to steal the election	n
t3_joi572	A Muslim millennial was elected the country’s first out nonbinary lawmaker — in Oklahoma	n
t3_johwwk	MSNBC's Joy Reid: Close presidential race shows 'great amount of racism and anti blackness' in US	n
t3_joh4cp	Videos show Trump protesters chanting 'count those votes' and 'stop the count' outside separate ballot-counting sites in Michigan and Arizona	v
t3_johs99	Without the Senate, a Biden Presidency Will Be Crippled Before It Begins	n
t3_joz3v5	QAnon supporter Marjorie Taylor Greene censored by Twitter after Georgia election win	n
t3_joyijm	Crowd of protesters in Phoenix fired up by conspiracy theorist Alex Jones	n
t3_jow0le	In a speech of historic dishonesty, Trump tried to reinforce his long-planned effort to retain power	n
t3_jowow6	The Disinformation Is Coming From Inside the White House	n
t3_joxuwy	Philly’s counting of mail ballots has been slowed by a Trump legal challenge	v
t3_jozb7y	Trump's lies about voter fraud may not work. But his dishonesty may have changed politics forever	n
t3_jov905	Federal judge in Pennsylvania dismisses Trump campaign lawsuit on voting, calling fraud claims ‘speculative’	n
t3_jp0glb	Shepard Smith cuts off Trump press conference for 'absolutely untrue' claims about election	n
t3_jovs5k	Judge denies Trump bid to stop Philadelphia vote count	v
t3_jovemw	Michigan AG Asks Public to Stop Telling Staff to Shove Sharpies Up Their Asses	n
t3_jox9rf	Shep Smith fact checks President Trump’s remarks	n
t3_jomi3m	I’m Pat Beall, investigative reporter for USA TODAY, covering how we voted this year – from ancient tech counting absentees in WI, to the world’s worst new idea for voting to why we’re still counting ballots in equipment that was vulnerable to hacks 20 years ago. AMA!	v
t3_jozqgk	Trump campaign loses lawsuit seeking to halt Michigan vote count	v
t3_joqnxt	Discussion Thread: 2020 General Election Part 45 | Mambo 45	n
t3_jotetk	Fox &amp; Friends tells Trump to leave Twitter	n
t3_jotcfe	Trump keeps saying he'll sue for voter fraud, but he hasn't made that case in any of the 5 lawsuits he's filed	n
t3_jojfx6	Joe Biden on cusp of clinching victory	n
t3_jowj0f	No, poll watchers were not thrown out of PA polling places	n
t3_joy0wf	Nevada Republican Party sends criminal referral to DOJ alleging thousands of cases of voter fraud	n
t3_jou4wm	North Carolina and Wisconsin did not have more votes cast than registered voters	n
t3_jowqbh	Why the Supreme Court is unlikely to steal the election for Donald Trump	n
t3_jow0cr	CNN anchor Anderson Cooper calls Trump 'an obese turtle on its back' after news conference	n
t3_jongev	Georgia judge throws out Trump campaign lawsuit on absentee ballots	n
t3_jox41m	Steve Bannon: I'd Put Anthony Fauci's Head On A Pike As A 'Warning'	n
t3_jorsc5	Counties with worst virus surges overwhelmingly voted Trump	n
t3_joubn3	Fox News Meets Trump’s Fraud Claims With Skepticism	n
t3_joode7	By Declaring Victory, Donald Trump Is Attempting an Autocratic Breakthrough	n
t3_jodb4h	Trump and his Republican allies want to keep counting votes in 2 states where they're behind and stop counting votes in 3 states where they're ahead	v
t3_jox515	Mulvaney: ‘You can absolutely guarantee a peaceful transition of power’ if Trump loses	n
t3_joxtq8	Election challenges live updates: Georgia, Michigan judges toss Trump suits over ballots as lawsuits are filed in Nevada and Pennsylvania	n
t3_joowh1	Lawsuits Trump will face once he leaves presidency	n
t3_jovngl	Santorum calls Trump's claims of election cheating 'dangerous'	n
t3_jov54o	Trump vows ‘lots of litigation’ over election result as he refuses to take questions from media. President repeats - with no evidence - he is victim of electoral fraud	n
t3_jp0r9p	Donald Trump Jr. calls for ‘total war’ in clueless tweet	n
t3_jot4fn	Officials Debunk Trump Campaign’s Story About Woman’s Vote Being Stolen in Nevada	n
t3_jozumi	TikTok is swooning over a new kind of celebrity: election analysts	n
t3_josos2	John James is going full Trump, refusing to concede to Gary Peters	n
t3_joyerf	Democrats fail to make gains in state legislative races in advance of 2021 redistricting	n
t3_joi7hp	A Biden Victory Wouldn’t Defeat QAnon - In fact, conspiracy thinking had a huge night in America on Tuesday.	n
t3_jozw3y	We waited in vain for a repudiation that never came	n
t3_joibfr	Biden needs 1 more battleground state to win the White House	n
t3_joc0pl	How Long Until Trump's Lawyers Say Ballots Have Been Discovered on Hunter Biden's Laptop?	n
t3_joau06	Colorado passes resolution to award electoral votes to whoever wins the popular vote	n
t3_joz64v	Philly police investigating alleged plot to attack Pennsylvania Convention Center	n
t3_jov25v	How Stacey Abrams Is Turning the Tide in Georgia	n
t3_jos98j	Biden urges calm as votes are counted, saying 'the process is working'	v
t3_jono6h	Jared Kushner reached out to Rupert Murdoch to demand Fox News retract Arizona call: report	n
t3_josl31	Trump aides are reportedly discussing a possible 2024 'resurrection run' if Biden wins	n
t3_jp02i8	Has Joe Biden beaten Donald Trump in Arizona or is the state still too close to call in the US election results?	n
t3_jovrjx	'Day one, get ready:' Flyers depicting Holocaust found in Apex, threaten consequences if Biden is elected	n
t3_jp0xh4	Is America Becoming a Failed State?	n
t3_jopk5h	Federal Judge Skewers USPS During Hearings That Offered Few Answers on Untraced Ballots	n
t3_joq66s	‘Bernie called it’: Sanders hailed for predicting election on ‘Fallon’	n
t3_joyuhv	As Election Day neared, conflict in Bakersfield between Trump and BLM groups intensified	n
t3_joul9o	Downcast Trump makes baseless election fraud claims in White House address	n
t3_joqvgj	Judges in two states reject Trump campaign lawsuits as the president continues to press unsubstantiated claims of fraud	n
t3_joq8l9	Missouri election judge worked despite COVID-19 diagnosis, then died	n
t3_joq0e5	Nevada says vote count won't be complete for days	v
t3_jokcho	Trump demands that legitimately cast votes stop being counted	v
t3_jovoq8	Republicans rebuke Trump over claims of voter fraud	n