Name	title	coding
t3_joau06	Colorado passes resolution to award electoral votes to whoever wins the popular vote	n
t3_jo81gh	Trump is falsely claiming the election is being stolen, when in reality legal votes are just being counted	v
t3_jo5v3j	Biden Is Closing In On the Electoral College and All Trump Can Do Is Angrily Tweet About It	n
t3_jo5ve8	Bernie Sanders' Viral 'Word for Word' Election Prediction on Fallon Viewed Over 24 Million Times	n
t3_jo9onx	Giuliani Says Joe Biden 'Could Have Voted 50' or '5,000 Times' in Philadelphia, in a State Where He Isn't Registered	n
t3_jo4ade	The Far-Right Is Spreading a Huge Lie About Voter Fraud in Philly	n
t3_jo3fs2	Pennsylvania's lieutenant governor says Trump 'no different than any other random internet troll'	n
t3_jo7qzu	Anti-Trump Republican group launches 'count every vote' campaign in Pennsylvania	v
t3_jo1i64	Judge Says USPS Chief DeJoy May Have to Testify About Failures	n
t3_job3dp	Discussion Thread: 2020 General Election Part 30 | Thirty, Flirty, and Thriving	n
t3_jo1e2s	NY elects two openly gay Black men to Congress	n
t3_jo09ql	Wisconsin election official says all votes counted; Biden in the lead — NBC has not made a call	v
t3_jnzdjt	Portland voters approve creating new civilian-run police oversight board	n
t3_joclix	Seoul Breathes a Sigh of Relief as Trump Loss in Sight — Trump put unprecedented strain on the U.S.-South Korean alliance.	n
t3_jo644o	DeJoy Will Have to Testify in Court After USPS's Failed Mail-In Ballot "Sweep"	n
t3_jocrhx	A Large Portion of the Electorate Chose the Sociopath | America will have to contend with that fact.	n
t3_joag5a	Discussion Thread: 2020 General Election Part 29 | Results Continue	n
t3_jo2fyj	The election shows the United States is a broken country	n
t3_jocvim	Pro-Donald Trump crowd gathers outside Arizona county recorders office where votes are being counted	v
t3_jo9zsk	Frank Rich: The GOP Will Learn Nothing From a Trump Defeat	n
t3_jo92lv	Discussion Thread: 2020 General Election Part 27 | Results Continue	n
t3_jo36ym	Once More, With Feeling: America Must Abolish the Electoral College	n
t3_jodmto	Black voters could save Biden’s campaign once again	n
t3_jo0v5c	Vote-Counting Is ‘Magic’: Far Right Melts Down Over Biden Gains	v
t3_jobkpp	International election observers rebuke Trump's 'unprecedented attempts to undermine public trust'	n
t3_jo666y	Some Republicans break with Trump, say take time to count all the votes	v
t3_jo1btr	Joe Biden has a "clear path to victory" after pulling ahead of Trump in Michigan and Wisconsin	n
t3_jnwrcb	Joe Biden Urges Supporters To ‘Keep The Faith’ Amid Slow Election Results	n
t3_jocg63	Face the Bitter Truth | We are two countries, and neither of them is going to be conquered or disappear anytime soon.	n
t3_jo2d68	Donald Trump Did Shockingly Well In Counties With High COVID-19 Death Rates	n
t3_jnugqo	Trump's call to halt vote counts is his most brazen swipe at democracy yet	v
t3_jo58rj	Fact check: Trump falsely claims Michigan suddenly 'found' ballots to tip Senate race	n
t3_joau6b	Allegation of ballot ‘switching’ in Virginia is false	n
t3_jo126w	Trump’s Call to Stop Counting Ballots Would Actually Doom His Campaign	v
t3_jnwfu1	'Authoritarian': Trump condemned for falsely claiming election victory	n
t3_jny0l1	Joe Biden Beats Barack Obama's Popular Vote Record: Associated Press Tally	v
t3_jo58rh	Discussion Thread: 2020 General Election Part 22 | Results Continue	n
t3_jnuiyb	"He Doesn't Decide... We the People Do": Trump Denounced for False Election Night Claim of Victory	n
t3_jo9eb7	Washington Republican gubernatorial candidate Loren Culp loses police chief job	n
t3_jny218	'Hitler would have won': Jesse Ventura slams lack of sacrifice from anti-maskers	n
t3_jo98lo	Trump wants U.S. Supreme Court to have final say in this election but he may not get his wish	n
t3_jnwwvh	Even the Pandemic Couldn’t Kill Trumpism: Trump may still lose the 2020 election. But his appeal is surprisingly, dismayingly resilient.	n
t3_jobpau	‘Old white men are dying,' so Trump looked elsewhere for votes in Florida.	n
t3_jo8682	Man interrupts live on-air Nevada election update, screams Biden is 'stealing the election'	n
t3_joe9vd	Trump vs. Biden – the saddest, most outrageous moment of the president's 2020 campaign	n
t3_jo3q5s	No, Wisconsin doesn’t have more ballots cast than registered voters	n
t3_jo807c	Democrats win big in Arizona, now a former GOP stronghold	n
t3_joaav7	John Hickenlooper defeats Cory Gardner in U.S. Senate race	n
t3_joay7h	Even If Joe Biden Wins, He Will Govern in Trump's America	n
t3_jnsbzn	We don't know who won the presidency yet. Trump is still making false claims about the vote.	n
t3_joasvj	Race Narrows in Pennsylvania as Election Results Come in	n
t3_jobbb6	Nevada man interrupts press conference, claiming Biden is trying to steal the election	n
t3_jnz430	As Biden edges ahead, Trump’s effort to throw out your vote gets more vile	v
t3_jo0j02	The Election’s Troubling Message: Even If Trump Loses, America’s Political Civil War Isn’t Over	n
t3_job5kv	Trump's Falsehood-Filled Speech on the Election	n
t3_jo74f2	Portland votes to create community-run police oversight board	n
t3_jnre4w	The sheriff fired her because she’s a lesbian so she ran against him. She’ll be the new sheriff now.	n
t3_jo9wsc	Oregon leads the way in decriminalizing hard drugs	n
t3_jo67ff	Joe Biden’s latest Election 2020 speech: ‘I’m confident we’ll emerge victorious’	n
t3_jo1dqz	Trump's 2020 election strategy is to desensitize America to brazen GOP voter suppression	n
t3_joax3f	With 107751 Votes Out Georgia Officials Focused On Getting It Right	v
t3_jo9563	Legal experts cast doubt on Trump's bid to involve Supreme Court in election results	n
t3_joav60	A Cold War Between Red and Blue America	n
t3_jo7boa	Face the Bitter Truth - We are two countries, and neither of them is going to be conquered or disappear anytime soon.	n
t3_jo6zbc	'Truly remarkable': Arizona activists celebrate as conservative stalwart shifts blue	n
t3_jnyv5n	In ‘Authoritarian’ Speech, Trump Falsely Claimed Victory While Millions of Ballots Remained Uncounted; Vowed to Go to Supreme Court	v
t3_jod3xv	The Disbelief and Horror of Election Night Were Captured by a Russian Poet in 1933	n
t3_jo72eu	Joe Biden wins Michigan state in critical victory	n
t3_jnuapz	AOC and her fellow 'Squad' members all win re-election to Congress	n
t3_jobcdk	Illinois rejects graduated income tax amendment	n
t3_job0th	Rep. Mike Kelly And Others File Lawsuit Against Secretary Of State Kathy Boockvar	n
t3_jodcbu	Maine’s ranked choice voting rules and procedures, explained	n
t3_jo4nse	Chaos erupts at TCF Center as Republican vote challengers cry foul in Detroit	n
t3_jo652q	Twitter and Facebook slap warning labels on Trump’s baseless claims of voter fraud	n
t3_jnrhmx	Twitter Slaps Warning Label on Trump Post Charging Democrats With Trying to ‘Steal’ Election	n